{"errors":[],"warnings":[],"namedChunkGroups":{"app":{"chunks":[7,0,2],"assets":["webpack-runtime-0e920d3c4b0d6faac15e.js","webpack-runtime-0e920d3c4b0d6faac15e.js.map","commons-d8fcdcacbc6527ddec8e.js","commons-d8fcdcacbc6527ddec8e.js.map","app-40b9cce661a798153b6f.js","app-40b9cce661a798153b6f.js.map"],"children":{},"childAssets":{}},"component---src-templates-blog-template-jsx":{"chunks":[6],"assets":["component---src-templates-blog-template-jsx-3b5f8986f57549d0be93.js","component---src-templates-blog-template-jsx-3b5f8986f57549d0be93.js.map"],"children":{},"childAssets":{}},"component---src-pages-404-jsx":{"chunks":[1,0,3],"assets":["styles.0a780f3b2ed845102bb8.css","styles-2b90bb3d4fe16010ed10.js","styles-2b90bb3d4fe16010ed10.js.map","commons-d8fcdcacbc6527ddec8e.js","commons-d8fcdcacbc6527ddec8e.js.map","component---src-pages-404-jsx-2e7e524eb4354a150984.js","component---src-pages-404-jsx-2e7e524eb4354a150984.js.map"],"children":{},"childAssets":{}},"component---src-pages-index-jsx":{"chunks":[1,0,4],"assets":["styles.0a780f3b2ed845102bb8.css","styles-2b90bb3d4fe16010ed10.js","styles-2b90bb3d4fe16010ed10.js.map","commons-d8fcdcacbc6527ddec8e.js","commons-d8fcdcacbc6527ddec8e.js.map","component---src-pages-index-jsx-9862c154eda20deb2b2e.js","component---src-pages-index-jsx-9862c154eda20deb2b2e.js.map"],"children":{},"childAssets":{}},"component---src-pages-page-2-jsx":{"chunks":[1,0,5],"assets":["styles.0a780f3b2ed845102bb8.css","styles-2b90bb3d4fe16010ed10.js","styles-2b90bb3d4fe16010ed10.js.map","commons-d8fcdcacbc6527ddec8e.js","commons-d8fcdcacbc6527ddec8e.js.map","component---src-pages-page-2-jsx-7061ffe1a0ad04a241c5.js","component---src-pages-page-2-jsx-7061ffe1a0ad04a241c5.js.map"],"children":{},"childAssets":{}}},"assetsByChunkName":{"app":["webpack-runtime-0e920d3c4b0d6faac15e.js","commons-d8fcdcacbc6527ddec8e.js","app-40b9cce661a798153b6f.js"],"component---src-templates-blog-template-jsx":["component---src-templates-blog-template-jsx-3b5f8986f57549d0be93.js"],"component---src-pages-404-jsx":["styles.0a780f3b2ed845102bb8.css","styles-2b90bb3d4fe16010ed10.js","commons-d8fcdcacbc6527ddec8e.js","component---src-pages-404-jsx-2e7e524eb4354a150984.js"],"component---src-pages-index-jsx":["styles.0a780f3b2ed845102bb8.css","styles-2b90bb3d4fe16010ed10.js","commons-d8fcdcacbc6527ddec8e.js","component---src-pages-index-jsx-9862c154eda20deb2b2e.js"],"component---src-pages-page-2-jsx":["styles.0a780f3b2ed845102bb8.css","styles-2b90bb3d4fe16010ed10.js","commons-d8fcdcacbc6527ddec8e.js","component---src-pages-page-2-jsx-7061ffe1a0ad04a241c5.js"]}}